artist_name,track_name,genre,lyrics
Jazzmeia Horn,Green Eyes,jazz,"I'm insecure But I can't help it My mind says move on My heart lags behind But I don't love you any more I'm so insecure Never knew that love did this Ooh, ooh, ooh Ooh, ooh, ooh I can't remember the last time I felt this way About somebody You've done something to my mindAnd I can't control it But I don't love you anymore Yes, I do, I think Loving you is wrong Ooh, ooh, ooh I'm so confused You tried to trick me Ooh, ooh, ooh Feeling insecure Love has got me sore I don't want no more Ooh, ooh, ooh"
Samara Joy,No More Blues,jazz,"4 ContributorsNo More Blues LyricsNo more blues, I'm going back home No, no more blues, I promise no more to‚ÄÖroam Home‚ÄÖis where the‚ÄÖheart is The funny part is My heart's‚ÄÖbeen right there all along  No more tears and no more sighs No more fears, I'll say no more goodbyes If travel beckons me, I swear I'm gonna refuse I'm gonna settle down and there'll be no more blues  Everyday when I am far away My thoughts turn homeward, forever homeward I have traveled 'round the world in search of happiness But all the happiness I've found was in my hometown  No more blues, I'm going back home No more dues, I'm through with all my wandering now I'll settle down and never roam and find a man and build a home When we settle down, there'll be no more blues Nothing but happiness when we settle down, there'll be no more blues Nothing but happiness when we settle down, there'll be no more blues  No more blues, I am going back home No more dues, I promise no more to roam Home is where the heart is The funny part is My heart's been right there all along You might also likeNo more tears and no more sighs No more fears, I'll say no more goodbyes If travel beckons me, I swear I'm gonna refuse I'm gonna settle down and there'll be no more blues  Everyday when I am far away My thoughts turn homeward, forever homeward I have traveled 'round the world in search of happiness But all the happiness I've found was in my hometown  No more blues, I'm going back home No more dues, I'm through with all my wandering now I'll settle down and never roam and find a man and build a home When we settle down, there'll be no more blues Nothing but happiness when we settle down, there'll be no more blues Nothing but happiness when we settle down, there'll be no more blues When we settle down, when we settle down Settle, settle down, when we settle down Settle, settle down, when we settle down There'll be no more blues, there'll be no more blues When we settle down, there'll be no more bluesEmbed"
Naama,I Wanna Be Loved,jazz,"1 ContributorIn the city Lyrics[Chorus 1] She call me the man (Man, Man) in the city, Ok. (Of the city) Slide in the Dm's like, how far is you going for a fifty? No games (for a fifty, In the city) You should just jump into the Uber (Riding through the city) full speed till you're with me, Ok. (Man, Man)  [Post-Chorus] She want a handout, yoh, (Handout) free rides on the night bus, keep your head down low. (Down Low) Speeding in the city till your breath gon go  [Verse 1] This girl baggage. Wanna see Bali Mans tryna stop at the Off license  Chicken and chips and fanta Chick make a dick go savage though  I was  in stratford centre, tryna drown life in lavish still  I ain't being bad , just bad ish Baby face swag It's malice  Niggas round here don't know about this Niggas round here they average  I ain't tryna crash they party Nakama full melodic You might also likeI ain't no dealer I'm doper Mans tryna swerve them hotline blings Gyal tryna fuck ferocious  [Chorus 2] She call me the man (Man, Man) in the city, Ok. (Of the city) Slide in the Dm's like, how far is you going for a fifty? No games (for a fifty, In the city) You should just jump into the Uber (Riding through the city) full speed till you're with me, Ok. (Man, Man)  [Post-Chorus] She want a handout, yoh, (Handout) free rides on the night bus, keep your head down low. (Down Low) Speeding in the city till your breath gon go  [Verse 2] I'm in love with the fame. Jealousy! Why's man always on low key thoughts when it's late. Fam! I don't wanna get involved with the low shelf hate. Enemies! I was on the road tryna get all my crumbs in a plate. Yoh!  Fuck it I wanna be loved by the hoes First step hoes next step who Don't slip up be careful He told his girl he a menace I told his girl I'm a handful  Cops finna come kill all us Fuck it's night we ghosting Too much power we young blood Nakama. oh lord [Chorus 2] She call me the man (Man, Man) in the city, Ok. (Of the city) Slide in the Dm's like, how far is you going for a fifty? No games (for a fifty, In the city) You should just jump into the Uber (Riding through the city) full speed till you're with me, Ok. (Man, Man)  [Post-Chorus] She want a handout, yoh, (Handout) free rides on the night bus, keep your head down low. (Down Low) Speeding in the city till your breath gon go  [Outro] She call me the man in the city, Ok Slide in the Dm's like, how far is you going for a fifty? No games You should just jump into the Uber full speed till you're with me  Label me the man in the City They don't wanna know my name, they just wanna see me fail, still I'm winningEmbed"
The Fabus Four,It's Easy To Blame The Weather,jazz,"[Verse 1] Honestly I'm glad it's snowing It helps to keep our friends from knowing When they ask me why I'm sad It's easy to blame the weather [Verse 2] It's funny how the blinding snowflakes Arrived in time to hide my heartaches Let them ask me why I'm sad It's easy to blame the weather [Bridge] When I think of the sun it scares me My one alibi will pass And springtime, I hear, is early this year They'll see through me like glass [Verse 3] I see no reason for this breakup So let me be the first to make up If a reason must be had It's easy to blame the weather"
Laura Anglade,I Don't Mind,jazz,"I don't mind, I'll take a chance Perhaps I'll find some sweet romance So stand a bit closer, 'cause I don't mind I don't mind the achin' pain Though love is blind and so insane So give me your hand dear, 'cause I don't mind! I thought perhaps I could cheat love Maybe break a few hearts and then run Now that I know I can't beat love I'll take the good with the bad The sweet with the sad I don't mind, the ice and snow The tears of brine that make love go So kiss me again dear 'Cause I don't mind Well, I thought perhaps I could cheat love Maybe break a few hearts and then run Now I know I can't beat love I'll take the good with the bad The sweet with the sad I don't mind, the ice and snow The tears of brine that make love go So kiss me again dear, 'cause I, I don't mind I don't mind I don't mind Mmm I don't mind I don't mind"
Jazzmeia Horn,Tight,jazz,"I don't now where my man is Where can he be? What is he doing? I've been asking questions all over town Hoping to be found out on the loose I don't dig it Take my advice girls If you find a man hold on tight Don't let him, don't let him, don't let him, don't let him Hold on to him tight Don't let him go What did you say? Hey, hey, hey I don't know where, I don't know where Don't know where my man is Where could he be? What is he doing? I've beens searching and looking all over town Where is he? I'm hoping he'll be found on the loose I don't dig it Take my advice girls If you got a man hold on tight Don't let him ever slip away from you Hold on to him tight Don't ever let him go Hold on to him tight Don't let him go Hold on to him tight"
Aubrey Logan,Airport Codes,jazz,"2 ContributorsAirport Codes Lyrics[Verse 1] Nobody told me it'd be easy Nobody told me everything would be just fine I don't know where or when I pulled these promises out of thin air Or if there's such a thing as fair I think about these things on airplanes I'm never lonely until cruising altitude I don't need anybody when I've got my feet flat on the ground Or when I've got a night in town  [Chorus] I gotta be at LAX, at JFK At CDG, LGA LHR, where are you? Flight delay at O'Hare I could be anywhere I don't care, where are you? I felt the same yesterday, 7,000 miles away Everybody thinks I've changed But what's strange is I'm okay At LAX, at JFK At CDG, LGA I'm on my way  [Verse 2] I used to dream that I was falling Now every nightmare is an infinite ascent Where am I gonna go When there's no map, no street, no road up here And it's too late to disappear? You might also like[Chorus] I gotta be at LAX, at JFK At CDG, LGA LHR, where are you? Flight delay at O'Hare I could be anywhere I don't care, where are you? I felt the same yesterday, 7,000 miles away Everybody thinks I've changed But what's strange is I'm okay At LAX, at JFK At CDG, LGA Where am I today? I'm still on my way to somewhere  [Bridge] Baby, I'm not afraid of crashing I'm not afraid of going down But I'm so scared of climbing higher I'm too familiar with the ground I used to be afraid of losing But now I'm frightened to succeed You got me crying on the airplane I ain't no victim, but I need you  [Chorus] To pick me up at LAX, at JFK At CDG, LGA LHR, where are you? Flight delay at O'Hare I could be anywhere I don't care, where are you? I felt the same yesterday, 7,000 miles away Everybody thinks I've changed But what's strange is I'm okay At LAX, at JFK At CDG, LGA [Outro] Nobody told me it'd be easyEmbed"
Melody Gardot,First Song,jazz,"1 ContributorFirst Song LyricsCharlie: 1, 2, 3, 4  Melody: When the stars were strung Was the first song that was sung Lightin' up a world Made for a boy and girl And love was new As morning dew The first song I knew Told of skies forever blue Clouds that disappear My darling dear  The first song I heard Was the warbling of a bird Sending around A soulful sound Deep as the sea Like you and me  And it's always a song And the changes that belong Melodies that bring The first song we sing See Melody Gardot LiveGet tickets as low as $114You might also likeThe first song we singEmbed"
Samara Joy,Autumn Nocturne,jazz,"5 ContributorsAutumn Nocturne LyricsWhen autumn sings her lullaby And green leaves turn to gold Then I remember in September You and I said goodbye Whispering that we would be returning When autumn came again  Now autumn roams the hills once more But you forgot your vow And here am I alone with only memories Only lonely memories Autumn memories of you  Love, when the leaves are turning I get a hungry yearning for your arms My love, when a heart is so blu–µ It shadows bright October‚Ä≤s golden charm  The –µvening breeze reminds me of The night of love that we once knew Each tiny star is but a prayer That when it's fall again Love will call again And you‚Ä≤ll be beside me To make my autumn dreams come true Come true Come trueYou might also likeEmbed"
Ashley Henry,Love Is Like A Movie,jazz,"Your loveís is like a theme from a favourite movie It soothes me, it moves me It makes me feel groovy Inside and I am so aware Of the time we share Your love, your care Whenever you are near I donít feel fear, I shed a tear Your spirit makes me fly so high And I, oh I I know youíre the meaning the reason for every season Close in my heart is where you reside Oooo Oooo Kiss me deep and kiss me slow Ooo right there, baby go to Places with me lets explore Open your heart its a secret door Whenever, wherever, however Iím always okay When you are by my side So never be clever, oh baby just be mine Your are like a song in my soul That makes me feel home Paving the way for a new love every day Take me with strength And make me all yours Just keep that smile forever more Oooo Oooo Your love is like a movie, It soothes me, it moves me It makes me feel groovy inside And I am so aware of the life we share Your love, your care Your love is like a movie Soothes me, moves me Makes me feel groove inside (Inside) And I (And I) I love you"
Stella Cole,My Future,jazz,"1 ContributorMy Future Lyrics[Verse 1] I can't seem to focus And you don't seem to notice I'm not here I'm just a mirror You check your complexion To find your reflection's all alone I had to go  [Pre-Chorus] Can't you hear me? I'm not comin' home Do you understand? I've changed my plans  [Chorus] 'Cause I, I'm in love With my future Can't wait to meet her And I, I'm in love But not with anybody else Just wanna get to know myself  [Verse 2] I know supposedly I'm lonely now Know I'm supposed to be unhappy Without someone But aren't I someone? And I'd, I'd like to be your answer 'Cause you're so handsome You might also like[Pre-Chorus] But I know better Than to drive you home 'Caus–µ you'd invite me in And I'd be yours again  [Chorus] But I, I'm in lov–µ With my future And you don't know her I'm, I'm in love But not with anybody here I'll see you in a couple yearsEmbed"
Jazzmeia Horn,You're Getting to Be a Habit With Me,jazz,"2 ContributorsYou‚Äôre Getting to Be a Habit With Me Lyrics[Intro] Ooh-ooh Ooh-ooh-ooh-ooh Oh-oh, mm  [Verse] Every kiss and every hug Seems to act just like a drug You're getting to be a habit with me Let me stay in your arms 'Cause I'm addicted to your charms You're getting to be a habit with me, dear  [Bridge] I used to think your love was something That I could take or leave alone But now, now, now I could not do without my supply I need you for my own  [Chorus] Oh, I can't break away I must have you everyday As regularly as coffee or tea, dear 'Cause you've got me in your clutches And you've got me, mm, in your clutches You've got me, baby, right in your clutches Say that I need, yeah, your clutch–µs And I can't break free You've got me, baby, mm You'v–µ got me You've got me, me, me, me, me, me You're getting to be a habit with me With me You might also like[Outro] Ooh-ooh-ooh-oohEmbed"
Anthony Lazaro,Another You,jazz,"1 ContributorAnother You Lyrics[Verse 1: Matthew Ifield ] I've been around all of the world I've seen the craziest places But I can tell you that no one, girl Is crazier than you And I've climbed the highest mountain Where the air's so thin Only with you, you know My head will start to spin  [Pre-Chorus: Matthew Ifield] And even if I do an expedition And fly above the oceans like a bird I know there's going to be no competition There's only one like you in the whole world  [Chorus Matthew Ifield] Yes, I know I'll never find another you, babe It doesn't matter how long I look How far I go If I could roam Th–µ whole wide world, I will discover You will always b–µ the one  [Verse 2: Anthony Lazaro] I've looked into the eyes Of the famous Bengal tiger After I've seen you angry I am not impressed And I've heard Westminster's bells And Notre Dame choir singing But I still feel your laughter Truly rings the best You might also like[Pre-Chorus: Anthony Lazaro and Matthew Ifield] And even if I do an expedition And fly above the oceans like a bird I know there's going to be no competition There's only one like you in the whole world  [Chorus: Anthony Lazaro and Matthew Ifield] Yes, I know I'll never find another you, babe It doesn't matter how long I look How far I go If I could roam The whole world, I will discover You have always been the one  [Chorus: Anthony Lazaro and Matthew Ifield] Yes, I know I'll never find another you, babe It doesn't matter how long I look How far I go If I could roam The whole world, I will discover You have always been the oneEmbed"
Samara Joy,You Stepped Out Of A Dream,jazz,"4 ContributorsYou Stepped Out of a Dream LyricsYou stepped out of a dream You are too wonderful To be what you seem Could there be eyes like yours? Could there be lips like yours? Could there be smiles like yours, honest and truly? You stepped out of a cloud I want to take you away from the crowd And have you all to myself Alone and apart Out of a dream Safe in my heart  [Instrumental Break] *Scatting*  You stepped out of a cloud And I want to take you away from the crowd And have you all to myself Alone and apart Out of a dream Safe in my heart  Safe in my heart Out of a dream Safe in my heart Out of a dream Safe in my heartYou might also likeEmbed"
Calo√©,Reste un peu,jazz,"3 ContributorsTranslationsPortugu√™sLe carr√© Lyrics[Paroles de ""Le carr√©""]  [Intro] Bianca (Que?) Comment tu fais ta danse avec les fesses l√† ? Ton carr√© l√† ?  [Refrain] Bianca, dis-moi, comment on fait l'quadradinho ? Bianca, dis-moi, comment on fait l'quadradinho ? Haut, droite, bas, gauche Haut, droite, bas, carr√©  [Couplet 1] J'fais le carr√© dans le carr√©, ram√®ne ta pote et c'est carr√© [?] mais j'reste un peu si j'suis cal√©e Bianca j'suis chaude dans le clube Tu peux m'aimer, tu peux m'ha√Ør Mais ma loco jamais tu m'oublies  [Pr√©-Refrain] Bianca vai te ensinar a dan√ßar um quadradinho Bianca vai te ensinar a dan√ßar um quadradinho Bianca vai te ensinar a dan√ßar um quadradinho Bianca vai te ensinar a dan√ßar um quadradinho You might also like[Refrain] Bianca, dis-moi, comment on fait l'quadradinho ? Bianca, dis-moi, comment on fait l'quadradinho ? Haut, droite, bas, gauche Haut, droite, bas, gauch–µ Haut, droite, bas, gauche Haut, droite, bas, gauch–µ Haut, droite, bas, gauche Haut, droite, bas, gauche Haut, droite, bas, gauche  [Couplet 2] Cinquante et un dans la coupe Tchin tchin sont d√©go√ªt√©s Dring dring j'ai les contacts Ta gow elle s'colle un peu trop On dirait qu'elle a les crocs (rrrh) C'est mon gloss qu'elle veut go√ªter Avec moi c'est une poup√©e Son mec a le check de l'√©paule  [Pr√©-Refrain] Bianca vai te ensinar a dan√ßar um quadradinho Bianca vai te ensinar a dan√ßar um quadradinho Bianca vai te ensinar a dan√ßar um quadradinho Bianca vai te ensinar a dan√ßar um quadradinho [Refrain] Bianca, dis-moi, comment on fait l'quadradinho ? Bianca, dis-moi, comment on fait l'quadradinho ? Haut, droite, bas, gauche Haut, droite, bas, gauche Haut, droite, bas, gauche Haut, droite, bas, gauche Haut, droite, bas, gauche Haut, droite, bas, gauche Haut, droite, bas, gauche  [Outro] Bianca vai te ensinar a dan√ßar um quadradinho Bianca vai te ensinar a dan√ßar um quadradinho Bianca vai te ensinar a dan√ßar um quadradinho Bianca vai te ensinar a dan√ßar um quadradinhoEmbed"
Laufey,Where or When,jazz,"7 ContributorsWhere or When Lyrics[Verse 1] It seems we stood and talked like this before We looked at each other in the same way then But I can't remember where or when  [Verse 2] The clothes you're wearing are the clothes you wore The smile you were smiling, you were smiling then But I can't remember where or when  [Pre-Chorus] Some things that happened for the first time Seem to be happening again  [Chorus] And so it seems that we've met before And laughed before And loved before But who knows where or when?  [Instrumental Break]  [Pre-Chorus] Some things that happened for the first time Seem to be happening again You might also like[Chorus] And so it seems that we've met before And laughed before And loved before But who knows where or when?Embed"
Henry Mancini,Moon River,jazz,10 ContributorsMoon River LyricsMoon River Wider than a mile I'm crossin' you in style Some day Old dream maker You heart breaker Wherever your goin' I'm goin' your way Two drifters Off to see the world There's such a lot of world To see We're after the same Rainbow's end Waitin' round the bend My huckleberry friend Moon River And meYou might also likeEmbed
Milton Nascimento,Um Vento Passou (para Paul Simon) [Feat. Paul Simon],jazz,"3 ContributorsUm Vento Passou (para Paul Simon) Lyrics[Letra de ""Um Vento Passou (para Paul Simon)"" com Milton Nascimento, Paul Simon & Esperanza Spalding]  [Verso 1: Milton Nascimento] Foi um vento e passou Me lembrou de um lugar na cidade estrangeira Solid√£o  [Verso 2: Paul Simon] Eram √°guas turbulentas Sobe a ponte t√£o serena Era fonte maiss eterna Ch√° coes√£o  [Verso 3: Milton Nascimento, Paul Simon, Ambos] Cora√ß√£o se aqueceu agora lembrar de voc√™ Amizade √© um dom Que precisa merecer Nesta vida Nessa hist√≥ria N√£o esquecer  [Verso 4: Milton Nascimento, Paul Simon] O sil√™ncio √© o som que n√£o cabe mais no ar Muda o verso se escrevendo devagar O seu canto m–µ levava Por estradas t√£o des–µrtas Paisagens infinitas Deste ch√£o You might also like[Verso 5: Milton Nascimento, Paul Simon, Ambos] Cora√ß√£o se aqueceu agora lembrar de voc√™ Amizade √© um dom Que precisa merecer Nesta vida Nossa hist√≥ria N√£o esquecer  [Sa√≠da: Milton Nascimento, Paul Simon, Ambos] Foi o c√©u que se abriu Foi o dia clarear Que me deu essa alegria de cantarEmbed"
Marvin Gaye,Inner City Blues,jazz,"Rockets, moon shots Spend it on the have-not's Money, we make it Before we see it, you take it Oh, make me wanna holler The way they do my life (Yeah) Make me wanna holler The way they do my life This ain't living, this ain't living No, no, baby, this ain't living No, no, no, no Inflation, no chance To increase finance Bills pile up sky high Send that boy off to die Oh, make me wanna holler The way they do my life (He-ey-ey) Yeah, make me wanna holler The way they do my life Oh, baby Hang ups, let downs Bad breaks, set backs Natural fact is Oh, honey, that I can't pay my taxes Oh, make me wanna holler And throw up both my hands Yeah, it make me wanna holler And throw up both my hands (Ow!) Crime is (Woo!) increasing Trigger happy policing Panic is spreading God knows where we're heading Oh, baby Make me wanna holler, they donít understand Yeah, make me wanna holler, they donít understand Mother, mother (Mother, mother) Everybody thinks we're wrong (Mother, mother) Who are they to judge us? (Mother, mother) Simply 'cause we wear our hair long (Mother, mother) Ooh Ah-ya-ya-ya-ya-ya-ya-ya-ya Oh"
Caity Gyorgy,"Baubles, Bangles and Beads",jazz,"1 ContributorBaubles, Bangles and Beads LyricsBaubles, bangles, hear how they jing, jinga-linga Baubles, bangles, bright shiny beads Sparkles, spangles, your heart will sing, singa-linga Wearing baubles, bangles and beads  I'll glitter and gleam so Make somebody dream so that One day he may buy me a ring, ringa-linga I've heard that is where it leads Wearing baubles, bangles, and beads  Baubles, bangles, hear how they jing, jinga-linga Baubles, bangles, bright shiny beads Sparkles, spangles, you're gonna sing, sing, sing, sing Wearing baubl–µs, bangles and beads  I'll glitter and gl–µam so To make somebody dream so that One day he may buy me a ring, ringa-linga I've heard that is where it leads Wearing the baubles And the bangles The baubles and the bangles and the bright, shiny beads  I'm talkin' about the baubles and the bangles Hear how they sing, sing, singa-linga Baubles, the bangles, and the bright shiny beads Bright shiny beads And the sparkles, spangles Your heart is gonna sing, sing, sing, sing Wearin' baubles, bangles, and beads You might also likeI'm gonna glitter and gleam so To make somebody dream so that One day he may buy me a ring, ringa-linga I've heard that is where it leads Ah wearin' the baubles And the bangles And the sparkles And all of those spangles I'm talkin' bout the baubles, bangles, sparkles and spangles Baubles, bangles, sparkles, spangles Baubles, bangles, bright, shiny beads  [piano solo]  So that One day he may buy me a ring, ringa-linga I've heard that is where it leads Ah wearin' the baubles And all of those bangles And don't forget the sparkles And all of the spangles I'm talkin' bout the baubles, bangles, sparkles and spangles Baubles, bangles, sparkles, spangles Baubles, bangles, bright, shiny beadsEmbed"
Gregoire Maret,Se Telefonando (Feat. Cassandra Wilson & Gregory Porter),jazz,"3 ContributorsSe Telefonando LyricsThe sky enchanted by the night Lying nude at the sea Two lonely strangers In the darkness, you and me When suddenly your hand touches mine I pull away I knew we could never last And the passion would pass When I telephone you, what would I say? Would you recall how much I loved you? If I thought that seeing you once again Would not remind me that I must see you If I knew that looking into your eyes won't leave me speechless Then I would meet you But I can't explain how this love that we have finally found Is alr–µady overYou might also likeEmbed"
Stacey Kent,Solitude,jazz,"3 ContributorsSolitude LyricsIn my solitude, you haunt me With reveries of days gone by In my solitude, you taunt me With memories that never die I sit in my chair I'm filled with despair No one could be so sad With gloom everywhere I sit and I stare I know that I'll soon go mad In my solitude I'm praying Dear Lord above Send back my love  I sit in my chair I'm filled with despair No one could be so sad With gloom everywhere I sit and I stare I know that I'll soon go mad In my solitude I'm praying Dear Lord above Send back my love, oohSee Stacey Kent LiveGet tickets as low as $60You might also likeEmbed"
Myles Sanko,Peace of Mind,jazz,1 ContributorPeace of Mind Lyrics[Verse 1] I know it‚Äôs hard to say goodbye Somehow I can‚Äôt let go So much has happened in my life I would have loved you to know  [Chorus] So I hope you find A little peace of mind In this crazy world To help you on your way  [Post Chorus] To help you on your way To help you on your way To help you on your way  [Verse 2] So many words I should have said When we had time alone And they all but slipped away Now that you're gone  [Chorus] So I hope you find A little peace of mind In this crazy world To help you on your way You might also like[Post Chorus] To help you on your way To help you on your way To help you on your way  [Chorus] So I hope you find A little peace of mind In this crazy world To help you on your way  [Outro] Oh I hope you find A little peace of mind I hope you find A little peace of mind A little peace of mind A little peace of mindEmbed
Dominique Fils-Aim√©,Give Me A Reason,jazz,2 ContributorsGive Me A Reason LyricsOh oh Oh oh Oh oh Oh oh  I dream of you every night now I dream of you every night now I think I‚Äôm in trouble I think I‚Äôm in trouble  Pa ra pa pow Pa ra pa pow Pa ra pa pow Pa ra pa pow pada pow  Pa ra pa pow Pa ra pa pow Pa ra pa pow Pa ra pa pow pada pow  Give me a reason To leave you Give me a reason To dare Dare to dare You might also likeTo dare To dare Dare  I long for you to make it right now I long for you to make it right now Am I seeing double Think I‚Äôm seeing double  Pa ra pa pow Pa ra pa pow Pa ra pa pow Pa ra pa pow pada pow  Pa ra pa pow Pa ra pa pow Pa ra pa pow Pa ra pa pow pada pow  Give me a reason To leave you Give me a reason To dare Dare to dare  Gimme a reason gimme a reason Gimme a reason gimme a reason Gimme a reason gimme a reason Gimme a reason gimme a reason (Dare) Gimme a reason gimme a reason (Dare) Gimme a reason gimme a reason (Dare) Gimme a reason gimme a reason (Dare) Gimme a reason gimme a reason  Pa ra pa pow pow pow pow Pa ra pa pow pow pow pow Pa ra pa pow pow pow powEmbed
Joshua Redman,Where Are You?,jazz,"1 ContributorWhere Are You? Lyrics[Verse 1] Where are you? Where have you gone without me? I thought you cared about me Where are you?  [Verse 2] Where's‚ÄÖmy‚ÄÖheart? Where is the‚ÄÖdream we started? I can‚Äôt believe we're‚ÄÖparted Where are you?  [Bridge] When we said goodbye, love What had we to gain? When I gave you my love Was it all in vain?  [Verse 3] But all life through Must I go on pretending This is my happy ending? Where are you?  [Saxophone Solo] You might also like[Bridge] When we said goodbye, love What had we to gain? When I gave you my love Was it all in vain?  [Verse 3] All life through Must I go on pretending? Where is my happy ending? Where are you?Embed"
Lusaint,Dream Life,jazz,"1 ContributorDream Life Lyrics[Verse 1] Smile and be happy Oh, that's what they told me Beautiful house, beautiful life Forever lonely The riches I'm drowned in Liquid gold I'II be found in Heavy the head, heavy the heart With no one to hold it  [Pre-Chorus] I cry every night What's the meaning of life? Something money can't buy Wish I could push restart sometimes  [Chorus] So I could live my dream life The one that got away Yeah, I'd fly one way, say bye bye Yeah, l'd throw this all away 'Caus–µ living ain't the truth When I'm lying without you It bugs me night and day Wish I could liv–µ my dream life With the one that got away You might also like[Verse 2] I wish I had memories Of the girl that I could've been She wasn't alone, working from home A stone for a heartbeat No sense of adventure A coffee and codeine Washing away, numbing the pain Not where she wants to be  [Pre-Chorus] Every night Why's the meaning of life Something money can't buy? Wish I could push restart tonight  [Chorus] So I could live my dream life The one that got away Yeah, I'd fly one way, say bye bye Yeah, I'd throw this all away 'Cause living ain't the truth When I'm lying without you It bugs me night and day Wish I could live my dream life With the one that got away The one that got awayEmbed"
Youn Sun Nah,I've Seen That Face Before (Libertango),jazz,"Strange, I've seen that face before Seen him hanging 'round my door Like a hawk stealing for the prey Like the night waiting for the day Strange, he shadows me back home Footsteps echo on the stones Rainy nights, on Haussmann Boulevard Parisian music drifting from the bars Tu cherches quoi, rencontrer la mort? Tu te prends pour qui? Toi aussi, tu dÈtestes la vie Dance in bars and restaurants Home with anyone who wants Strange, he's standing there alone Staring eyes chill me to the bone Dans sa chambre, JoÎl et sa valise Un regard sur ses fringues Sur les murs, des photos Sans regret, sans mÈlo La porte est claquÈe, JoÎl est barrÈ Hmm, mm-mm, mm-mm, mm Hmm-mm, hmm-mm-mm"
Casey Abrams,Stuck In London,jazz,"2 ContributorsStuck In London LyricsStuck in London, gotta make some dough Lost my beard and I lost my fro Looking high and I'm looking low But there ain't no pretty girls no more  I saw a girl who had a perfect smile But she wasn't you and I got bored after a while But I'll be fine, I got this picture in my mind  You and me riding the train to our destiny You and me eating mangoes in a mango tree  There is nothing that I would not do To be on plane going straight to you The bank said the payments didn't come through So I'm stuck working at the London Zoo  I help the kids get on the carousel But baby at night it's like a living hell But I'll be fine, I got this picture in my mind  Oh baby, you and me riding the train to our destiny Oh baby, you and me eating mangoes in a mango tree  You and me riding the train to our destiny (riding the train to our destiny) Baby you and me making love with this melody You and me, we drink coffee 'cause we don't like tea You and me eating mangoes in a mango tree You might also likeEating mangoes in a mango tree Eating mangoes in a mango tree Eating mangoes in a mango tree Eating mangoes in a mango treeEmbed"
Nicole Zuraitis,Save it for a Rainy Day,jazz,"2 ContributorsSave It For A Rainy Day Lyrics[Instrumental Intro]  Save it for a rainy day But who knew it would rain so long? Who knew skies could open like flood gates And tear like tears down slate empty sidewalks In a city that isn't awake?  Save it for a rainy day But now these clouds won't disappear Overcast, they stall flowers blooming Ever looming Remnants of springtime that never sprung anew like water Even dawns have turned to darker, cloudy hues And the blues like water Shapeless, filling voids from which it grew From which it grew  [Instrumental Break]  Lik–µ water Rosy dawns have turned a dark–µr hue And gloom like water Drowns the test of time from which it grew  Save it for a rainy day But who knew it would rain so long? Life with hugs abandoned for distance And music's beauty ceases existence As glimmers of hope beg to glisten Of hope beg to glisten You might also likeSave it for a rainy day But who knew it would rain so long? Save it for a rainy day Oh, the rain too long Save it for a rainy day Rain too longEmbed"
Sheku Kanneh-Mason,Same Boat,jazz,"[Verse 1] When the hopeful hum is so quiet And the sorrow sing so loud When a single drop of something good Is nowhere to be found When the part of you that smiles Is longing to be free Even though your soul is tumbling down I promise you this soon You will be back on your feet [Chorus] Cause baby, I've been rocking in the same boat For the longest time Tryna turn these clouds into a rainbow Hoping all is fine In the storm The one end When you think it's done It starts again [Verse 2] When you're looking at the road ahead And you see no sign of light When the moon has turned his back on you The stars will still burn bright You see, patience is a sour plan But the fruit It tastes so sweet And even though your soul is tumbling down I promise you this soon You will be back on your feet [Chorus] Cause baby, I've been rocking in the same boat For the longest time Tryna turn these clouds into a rainbow Hoping all is fine In the storm The one end When you think it's done It starts again [Bridge] We are, yeah we are, yeah we are (rocking in the same boat) Rocking in the same boat Oooh Rocking in the same boat Almost there yeah yeah Rocking in the same boat [Outro] Cause baby, I've been rocking in the same boat For the longest time (longest time) Tryna turn these clouds into a rainbow Hoping all is fine (all is fine) In the storm (one end) That one end When you think it's done It starts again Oooh it starts again"
Rod Stewart,Them There Eyes,jazz,"3 ContributorsThem There Eyes LyricsI fell in love with you the first time I looked into Them there eyes You have a certain lil cute way of flirtin' with Them there eyes  They make me feel so happy They can make me blue I'm fallin', no stallin' In a great big way for you  My heart is jumpin' you started somethin' with Them there eyes You'd better look out if you're wise, you know why They sparkle, they bubble Th–µy're gonna get you in a whole lot of troubl–µ Oh baby, them there eyes  Take it away Come on over here now, one time one time  I fell in love with you the first time I looked into Them there eyes You have a certain little cute way of flirtin' with Them there eyes  They make me feel so happy They can make me blue My heart is jumpin', you started somethin' with Them there eyesYou might also likeEmbed"
Afra Kane,Death in My Dreams,jazz,"2 ContributorsDeath in My Dreams LyricsSo I read If your loved ones are dead in your dreams You're afraid of losing them  So I read If there's a new proem You'll dream about the dead That's just how new life begins  Yeah, yeah, you'll dream about the dead That's how new life begins  Please listen to your heart Bury the old, welcome the new Well, it's true, the grieving is cruel  Peel off your ego Cr√©anme, te digo A new chapter is coming for you Sit in your stillness, prepare your greatness A new chapter is coming for you, for you  Death in my dreams I believed to be real And I used to fear Death in my dreams, just an image appears I'm looking for a meaning, I bow to a new beginning You might also likeSo I read If there's a new change Parts of you will disappear That's how new paths begin Please listen to your heart Such a heart of gold Rest up a few, find a good book You'll feel better soon  Peel off your ego Cr√©anme, te digo A new chapter is coming for you, you, you  Death in my dreams I believed to be real And I used to fear Death in my dreams, just an image appears I'm looking for a meaning, I bow to a new beginning Death in my dreams I believed to be real And I used to fear Death in my dreams, just an image appears I'm looking for a meaning, I bow to a new beginning  So, cheers to a new beginning I'm looking for a new meaning Bow to a new beginning Cheers to a new beginningEmbed"
Izo FitzRoy,Body of Mine,jazz,"1 ContributorBody of Mine Lyrics[Verse 1] Pour me another, and l'Il drown it out Forget about the here and now I'm a little drunk, but if you're judging me I wouldn't bother, I'm my own worst enemy Nothing but a little nudge to tickle the sides But my soul's crying out in the night When will I bother to care for this old body of mine? Body of mine  [Verse 2] Day of yearning, and I can still taste your smokes Written in creases and folds I pull the covers near, but they won't bury the blues Just me and my pity sighs, terrifying you Just a little liquor and it felt so good I'Il play the fool while you make your –µxcuse I'll never find it in b–µtween the whispers and wine When will I care for this body of mine? Body of mine  [Instrumental Break]  [Bridge] Sorry state of affairs It's getting late, I think it's time When will I appreciate This old body of mine?You might also likeEmbed"
Gabe Dixon,Passing Through,jazz,"1 ContributorPassing Through Lyrics[Verse 1] Half the world is sleeping I've got pinwheels in my mind Two more hours, I'll be landing But I will not have arrived  Sunrise will come sooner to me Than a dream will do Seems no matter where I end up I'm just passing through  [Verse 2] I'm still hearing voices cheering Walking off the stage Someone packs my shit up while I Down another IPA Pour another whiskey Maybe make a friend or two But before you go and get to know me Just know I'm passing through  [Instrumental Interlude]  [Verse 3] All is quiet in my driveway Except for my suitcase wheels Big old moon is shining my way She must know just how I feel You might also likeSometimes coming feels like going How's it feel to you? Seems no matter where I end up I'm just passing through  Home may be the place your heart is But I'm just passing throughEmbed"
Corinne Bailey Rae,Peach Velvet Sky,jazz,6 ContributorsPeach Velvet Sky Lyrics[Verse 1] We gave ourselves into the night And we counted time a painted illusion And my heart was an empty box The tide beat against  [Pre-Chorus] For a silver saucer For a silver saucer For a silver saucer For a silver saucer For a golden penny My heart was betrayed Now in this steel trap place I've made I escape  [Chorus] Peach velvet sky I can see a peach velvet sky Crimson violet night I can see a peach velvet sky  [Verse 2] I stitch–µd myself into your heart I thread my needl–µ by sister North Star And I missed your quiet hands Their tiny weight You might also like[Pre-Chorus] For the anniverse days For the birthdays For the High and Holy days The lonely days The cold that rolled and rolled me in the dark The silent night when I embarked I escaped  [Chorus] Peach velvet sky I can see a peach velvet sky Crimson violet night I can see a peach velvet sky  [Chorus] Peach velvet sky I can see a peach velvet sky Crimson violet night I can see a peach velvet skyEmbed
Rhiannon Giddens,Who Are You Dreaming Of,jazz,3 ContributorsWho Are You Dreaming Of Lyrics[Verse 1] Who are you dreaming of? Could it be some other love? Now and then For your eyes alone So though you laugh in my embrace That tender smile upon your face Says to me I might still be on my own I'm looking through a window That's made of frosted glass I wonder will I see your heart at last  [Chorus] Are you sure that it's not me Who visits you so secretly? Tell me love Who are you dreaming of?  [Verse 2] You're looking through a keyhole But I'm an open door It's no wonder you don‚Äôt see me anymore  [Chorus] Are you sure that it's not me Who visits you so s–µcretly? Tell me lov–µ Who are you dreaming of?You might also likeEmbed
Parry Ray,Lover Man,jazz,"I don't know why but I'm feeling so sad I long to try something I never had Never had no kissing Oh, what I've been missing Lover man, oh, where can you be? The night is cold and I'm so alone I'd give my soul just to call you my own Got a moon above me, but no one to love me Lover man, oh, where can you be? I've heard it said that the thrill of romance Can be like a heavenly dream I go to bed with a prayer that you'll make love to me Strange as it seems. Someday we'll meet and you'll dry all my tears Then whisper sweet little things in my ear Hugging and a kissing Oh, what we've been missing Lover man, oh, where can you be?"
Mila Ogliastro,Crazy he calls me,jazz,"I say I'll move the mountains And I'll move the mountains If he wants them out of the way Crazy he calls me Sure, I'm crazy Crazy in love, I say I say I'll go through fire And I'll go through fire As he wants it, so it will be Crazy he calls me Sure, I'm crazy Crazy in love, you see Like the wind that shakes the bough He moves me with a smile The difficult I'll do right now The impossible will take a little while I say I'll care forever And I mean forever If I have to hold up the sky Crazy he calls me Sure, I'm crazy Crazy in love am I Like the wind that shakes the bough He moves me with a smile The difficult I'll do right now The impossible will take a little while I say I'll care forever And I mean forever If I have to hold up the sky Crazy he calls me Sure, I'm crazy Crazy in love am I"
Susie Arioli,I Got It Bad (And That Ain't Good),jazz,"Though folks with good intentions Tell me to save my tears Well I'm so mad about him I can't live without him Never treats me sweet and gentle The way he should I've got it bad And that ain't good My poor heart is so sentimental Not made of wood I've got it so bad And that ain't good But when the fish are jumpin' And Friday rolls around My man an' I, we gin some We pray some, and sin some He don't love me like I love him The way he should I've got it bad And that ain't good Yes I've got it bad And that ain't good"
Crystal Lewis,YYT,jazz,"[Verse 1:] Somehow lately I've been worrying about Something telling me that my time is running out Slowly but surely I've been giving in to doubt The purpose of my life and where that life is going Somehow, suddenly it becomes so clear to me I am, exactly where I am supposed to be Right here, waiting for a truth to be revealed That I am not my own, it's you who gives me meaning [Pre-Chorus 1] It's in the way that you pull me ever closer to you Through the life you breathe into me [Chorus:] I will trust in you My brokenness, my fear, my sorrow I believe it's true You hold yesterday, today, tomorrow [Verse 2:] Show me, help me when I cannot understand How you love me when you see me as I am Be my vision, believing what I cannot see For you are mystery Let me embrace your wonder [Pre-Chorus 2] It's in the way that you pull me ever closer to you Through the love you wrap around me [Chorus:] I will trust in you My brokenness, my fear, my sorrow I believe it's true You hold yesterday, today, tomorrow [Chorus:] I will trust in you My brokenness, my fear, my sorrow I believe it's true You hold yesterday, today, tomorrow [Bridge:] It's in the way that you pull me ever closer to you Through the life You breathe into me [Chorus:] I will trust in you My brokenness, my fear, my sorrow I believe it's true You hold yesterday, today, tomorrow [Chorus:] I will trust in you My brokenness, my fear, my sorrow I believe it's true You hold yesterday, today, tomorrow [Chorus:] I will trust in you My brokenness, my fear, my sorrow I believe it's true You hold yesterday, today, tomorrow [Outro] I, will trust in you"
Sinne Eeg,Rainbow Forest,jazz,There's a forest where rainbows grow Where light takes the shape of flowers And birds with bright blue feathers Paint the porcelain sky There's a forest where rubies hang from trees Redder than the reddest apples Where the stones are stars that have come for a while To rest their eyes There's a forest made from the scraps of a million dreams That dance on the breeze like crystal fireflies And the sound of the river is the voice of a child Singing
